D,resp_1k,1,0.000012,0.000061,0.017081,0.018222,0.018241
D,resp_1k,2,0.000010,0.000044,0.015119,0.016139,0.016160
D,resp_1k,3,0.000010,0.000055,0.014483,0.015872,0.015900
D,resp_1k,4,0.000011,0.000063,0.014269,0.015285,0.015304
D,resp_1k,5,0.000010,0.000045,0.013656,0.014646,0.014663
D,resp_1k,6,0.000008,0.000039,0.013661,0.014690,0.014711
D,resp_1k,7,0.000008,0.000043,0.013675,0.014676,0.014689
D,resp_1k,8,0.000007,0.000034,0.013605,0.014614,0.014636
D,resp_1k,9,0.000009,0.000045,0.013830,0.014999,0.015024
D,resp_1k,10,0.000008,0.000047,0.013616,0.014813,0.014829
D,resp_1k,11,0.000007,0.000031,0.013623,0.014873,0.014887
D,resp_1k,12,0.000007,0.000031,0.013678,0.014968,0.014979
D,resp_1k,13,0.000008,0.000028,0.013190,0.014797,0.014808
D,resp_1k,14,0.000008,0.000030,0.013378,0.014688,0.014704
D,resp_1k,15,0.000007,0.000030,0.013451,0.014679,0.014692
D,resp_1k,16,0.000008,0.000033,0.013360,0.014741,0.014753
D,resp_1k,17,0.000007,0.000030,0.013429,0.014949,0.014964
D,resp_1k,18,0.000007,0.000028,0.013575,0.015167,0.015182
D,resp_1k,19,0.000007,0.000026,0.013075,0.014468,0.014480
D,resp_1k,20,0.000008,0.000030,0.013401,0.014730,0.014740
D,resp_1k,21,0.000007,0.000026,0.013284,0.014549,0.014561
D,resp_1k,22,0.000007,0.000027,0.013216,0.014540,0.014552
D,resp_1k,23,0.000007,0.000027,0.013203,0.014427,0.014439
D,resp_1k,24,0.000008,0.000041,0.013684,0.015398,0.015415
D,resp_1k,25,0.000008,0.000033,0.013443,0.015037,0.015054
D,resp_1k,26,0.000007,0.000030,0.013323,0.014750,0.014765
D,resp_1k,27,0.000007,0.000027,0.013272,0.014571,0.014588
D,resp_1k,28,0.000007,0.000032,0.013399,0.014539,0.014550
D,resp_1k,29,0.000008,0.000031,0.013437,0.015129,0.015142
D,resp_1k,30,0.000008,0.000028,0.013231,0.014887,0.014901
D,req_1k,1,0.000008,0.000028,0.013314,0.014603,0.014616
D,req_1k,2,0.000008,0.000029,0.013485,0.014696,0.014708
D,req_1k,3,0.000007,0.000029,0.013167,0.014382,0.014398
D,req_1k,4,0.000007,0.000027,0.013354,0.014838,0.014857
D,req_1k,5,0.000008,0.000033,0.013492,0.015186,0.015207
D,req_1k,6,0.000007,0.000027,0.013582,0.014944,0.014957
D,req_1k,7,0.000006,0.000029,0.013285,0.014525,0.014540
D,req_1k,8,0.000007,0.000028,0.013361,0.014675,0.014690
D,req_1k,9,0.000007,0.000031,0.013106,0.014774,0.014793
D,req_1k,10,0.000006,0.000026,0.013322,0.014884,0.014900
D,req_1k,11,0.000007,0.000031,0.013436,0.015155,0.015170
D,req_1k,12,0.000007,0.000027,0.013379,0.014992,0.015011
D,req_1k,13,0.000007,0.000026,0.013245,0.014965,0.014984
D,req_1k,14,0.000007,0.000026,0.013398,0.014924,0.014939
D,req_1k,15,0.000007,0.000030,0.013306,0.014661,0.014675
D,req_1k,16,0.000007,0.000029,0.013468,0.014834,0.014846
D,req_1k,17,0.000007,0.000027,0.013328,0.014889,0.014903
D,req_1k,18,0.000007,0.000032,0.013129,0.014640,0.014655
D,req_1k,19,0.000007,0.000028,0.013173,0.014874,0.014891
D,req_1k,20,0.000007,0.000028,0.013298,0.014549,0.014562
D,req_1k,21,0.000007,0.000028,0.013368,0.014730,0.014743
D,req_1k,22,0.000007,0.000028,0.013385,0.014916,0.014948
D,req_1k,23,0.000007,0.000030,0.013187,0.014712,0.014732
D,req_1k,24,0.000006,0.000028,0.013128,0.014684,0.014700
D,req_1k,25,0.000006,0.000028,0.013514,0.014701,0.014715
D,req_1k,26,0.000007,0.000025,0.013233,0.014898,0.014915
D,req_1k,27,0.000007,0.000028,0.013470,0.014534,0.014552
D,req_1k,28,0.000007,0.000034,0.013572,0.015073,0.015089
D,req_1k,29,0.000007,0.000028,0.013339,0.014656,0.014686
D,req_1k,30,0.000007,0.000030,0.013482,0.014680,0.014696
D,resp_100k,1,0.000008,0.000029,0.013410,0.014705,0.015228
D,resp_100k,2,0.000007,0.000032,0.013436,0.014928,0.015321
D,resp_100k,3,0.000008,0.000030,0.013550,0.015347,0.015815
D,resp_100k,4,0.000008,0.000032,0.013613,0.015267,0.015763
D,resp_100k,5,0.000007,0.000029,0.013748,0.015250,0.015698
D,resp_100k,6,0.000008,0.000032,0.013755,0.015337,0.015817
D,resp_100k,7,0.000007,0.000031,0.013169,0.014630,0.015076
D,resp_100k,8,0.000008,0.000029,0.013334,0.014796,0.015262
D,resp_100k,9,0.000007,0.000028,0.013310,0.014559,0.014887
D,resp_100k,10,0.000009,0.000030,0.013407,0.014937,0.015410
D,resp_100k,11,0.000007,0.000028,0.013519,0.015041,0.015514
D,resp_100k,12,0.000007,0.000030,0.013397,0.014963,0.015360
D,resp_100k,13,0.000007,0.000031,0.013152,0.014662,0.015150
D,resp_100k,14,0.000007,0.000030,0.013193,0.014633,0.015085
D,resp_100k,15,0.000008,0.000029,0.013345,0.014820,0.015316
D,resp_100k,16,0.000007,0.000027,0.013214,0.014798,0.015328
D,resp_100k,17,0.000007,0.000032,0.015733,0.017480,0.017945
D,resp_100k,18,0.000008,0.000031,0.013409,0.014984,0.015461
D,resp_100k,19,0.000008,0.000036,0.013357,0.015047,0.015536
D,resp_100k,20,0.000007,0.000029,0.013398,0.015148,0.015775
D,resp_100k,21,0.000009,0.000041,0.013638,0.015348,0.015889
D,resp_100k,22,0.000007,0.000031,0.013553,0.014799,0.015286
D,resp_100k,23,0.000007,0.000033,0.013550,0.014858,0.015357
D,resp_100k,24,0.000008,0.000030,0.013222,0.014894,0.015340
D,resp_100k,25,0.000007,0.000026,0.013406,0.014943,0.015354
D,resp_100k,26,0.000008,0.000028,0.013292,0.014909,0.015399
D,resp_100k,27,0.000007,0.000026,0.013530,0.014820,0.015241
D,resp_100k,28,0.000007,0.000029,0.013234,0.014490,0.014944
D,resp_100k,29,0.000007,0.000027,0.013477,0.015119,0.015650
D,resp_100k,30,0.000007,0.000027,0.013253,0.014747,0.015261
D,req_100k,1,0.000007,0.000027,0.013434,0.013471,0.015285
D,req_100k,2,0.000007,0.000027,0.013244,0.013281,0.014941
D,req_100k,3,0.000007,0.000029,0.013290,0.013318,0.015126
D,req_100k,4,0.000007,0.000029,0.013382,0.013416,0.015145
D,req_100k,5,0.000009,0.000030,0.013379,0.013407,0.014909
D,req_100k,6,0.000007,0.000028,0.013385,0.013411,0.014973
D,req_100k,7,0.000007,0.000031,0.013309,0.013348,0.014804
D,req_100k,8,0.000007,0.000026,0.013400,0.013428,0.014834
D,req_100k,9,0.000007,0.000030,0.013372,0.013406,0.014847
D,req_100k,10,0.000007,0.000033,0.013284,0.013320,0.015178
D,req_100k,11,0.000007,0.000029,0.013771,0.013797,0.015523
D,req_100k,12,0.000007,0.000029,0.013884,0.013912,0.015601
D,req_100k,13,0.000007,0.000031,0.013158,0.013186,0.014726
D,req_100k,14,0.000008,0.000027,0.013176,0.013204,0.015113
D,req_100k,15,0.000007,0.000024,0.013187,0.013211,0.015224
D,req_100k,16,0.000007,0.000027,0.013198,0.013223,0.015145
D,req_100k,17,0.000007,0.000027,0.013325,0.013361,0.015258
D,req_100k,18,0.000006,0.000025,0.013437,0.013464,0.015309
D,req_100k,19,0.000007,0.000031,0.013215,0.013251,0.014938
D,req_100k,20,0.000007,0.000031,0.013197,0.013222,0.015115
D,req_100k,21,0.000007,0.000027,0.013269,0.013295,0.015138
D,req_100k,22,0.000007,0.000027,0.013292,0.013327,0.015229
D,req_100k,23,0.000007,0.000029,0.013440,0.013469,0.015265
D,req_100k,24,0.000007,0.000027,0.013677,0.013717,0.015520
D,req_100k,25,0.000007,0.000028,0.013562,0.013588,0.015539
D,req_100k,26,0.000007,0.000027,0.013699,0.013727,0.015270
D,req_100k,27,0.000007,0.000027,0.013154,0.013191,0.014753
D,req_100k,28,0.000007,0.000028,0.013430,0.013454,0.015407
D,req_100k,29,0.000008,0.000033,0.013549,0.013577,0.014997
D,req_100k,30,0.000007,0.000029,0.013457,0.013486,0.015031
